<?xml version="1.0" encoding="utf-8"?>
<current>
  <copyright>2010 AccuWeather® by Telemet™</copyright>
  <timestamp>2022-07-13T00:28:46Z</timestamp>
  <location code="SAZB">
    <temp unit="C">9</temp>
    <real_feel unit="C">3</real_feel>
    <aptemp unit="C">10</aptemp>
    <rhumid unit="%">45</rhumid>
    <wind_dir>N</wind_dir>
    <windspeed unit="Kph">35</windspeed>
    <icon>36</icon>
    <gust unit="Kph">48</gust>
    <wndchl unit="C">6</wndchl>
    <vis unit="Km">16</vis>
    <dewpt unit="C">-2</dewpt>
    <ceiling>25600</ceiling>
    <pres unit="kpa">101.08</pres>
    <prestend>Estable</prestend>
    <SPL>Nubes y claros</SPL>
  </location>
  <legal>Service provided under the accepted Terms and Conditions.</legal>
</current>
