<?xml version="1.0" encoding="utf-8"?>
<current>
  <copyright>2010 AccuWeather® by Telemet™</copyright>
  <timestamp>2015-12-04T21:29:52Z</timestamp>
  <location code="SAZB">
    <temp unit="C">22</temp>
    <real_feel unit="C">21</real_feel>
    <aptemp unit="C">22</aptemp>
    <rhumid unit="%">64</rhumid>
    <wind_dir>SE</wind_dir>
    <windspeed unit="Kph">16</windspeed>
    <icon>17</icon>
    <gust unit="Kph">22</gust>
    <wndchl unit="C">22</wndchl>
    <vis unit="Kms">8</vis>
    <dewpt unit="C">15</dewpt>
    <ceiling>30000</ceiling>
    <pres unit="kpa">101.31</pres>
    <prestend></prestend>
    <SPL>Parcialmente despejado con tormentas eléctricas</SPL>
  </location>
  <legal>Service provided under the accepted Terms and Conditions.</legal>
</current>
