<?xml version="1.0" encoding="utf-8"?>
<current>
  <copyright>2010 AccuWeather® by Telemet™</copyright>
  <timestamp>2015-12-03T18:31:09Z</timestamp>
  <location code="SAZB">
    <temp unit="C">28</temp>
    <real_feel unit="C">27</real_feel>
    <aptemp unit="C">28</aptemp>
    <rhumid unit="%">46</rhumid>
    <wind_dir>NW</wind_dir>
    <windspeed unit="Kph">20</windspeed>
    <icon>7</icon>
    <gust unit="Kph">25</gust>
    <wndchl unit="C">28</wndchl>
    <vis unit="Kms">16</vis>
    <dewpt unit="C">15</dewpt>
    <ceiling>10100</ceiling>
    <pres unit="kpa">101.03</pres>
    <prestend>Estable</prestend>
    <SPL>Nublado</SPL>
  </location>
  <legal>Service provided under the accepted Terms and Conditions.</legal>
</current>
